numero_residuo,nome_residuo,nome_atomo,numero_atomo,x,y,z
1,SOL,OW,1,1.667,0.803,0.218
1,SOL,HW1,2,1.707,0.771,0.299
1,SOL,HW2,3,1.593,0.856,0.248
1,SOL,MW,4,1.663,0.805,0.23
2,SOL,OW,5,1.59,0.77,1.191
2,SOL,HW1,6,1.566,0.835,1.257
2,SOL,HW2,7,1.683,0.754,1.207
2,SOL,MW,8,1.598,0.775,1.2
3,SOL,OW,9,0.527,1.012,0.476
3,SOL,HW1,10,0.619,1.009,0.502
3,SOL,HW2,11,0.515,1.1,0.44
3,SOL,MW,12,0.535,1.021,0.475
4,SOL,OW,13,1.678,1.751,0.686
4,SOL,HW1,14,1.683,1.722,0.777
4,SOL,HW2,15,1.696,1.672,0.635
4,SOL,MW,16,1.681,1.739,0.69
5,SOL,OW,17,1.049,1.57,1.679
5,SOL,HW1,18,1.093,1.654,1.664
5,SOL,HW2,19,1.088,1.511,1.615
5,SOL,MW,20,1.058,1.573,1.671
6,SOL,OW,21,1.629,1.197,1.173
6,SOL,HW1,22,1.545,1.152,1.167
6,SOL,HW2,23,1.63,1.256,1.098
6,SOL,MW,24,1.62,1.199,1.165
7,SOL,OW,25,0.786,0.454,0.452
7,SOL,HW1,26,0.785,0.544,0.486
7,SOL,HW2,27,0.778,0.465,0.357
7,SOL,MW,28,0.785,0.465,0.445
8,SOL,OW,29,0.23,0.574,0.396
8,SOL,HW1,30,0.308,0.629,0.399
8,SOL,HW2,31,0.244,0.509,0.465
8,SOL,MW,32,0.239,0.573,0.404
9,SOL,OW,33,0.289,0.98,1.35
9,SOL,HW1,34,0.335,0.901,1.378
9,SOL,HW2,35,0.333,1.006,1.269
9,SOL,MW,36,0.298,0.974,1.345
10,SOL,OW,37,0.633,0.238,0.518
10,SOL,HW1,38,0.686,0.317,0.511
10,SOL,HW2,39,0.562,0.25,0.456
10,SOL,MW,40,0.631,0.248,0.511
11,SOL,OW,41,0.748,1.221,0.728
11,SOL,HW1,42,0.83,1.26,0.758
11,SOL,HW2,43,0.774,1.166,0.653
11,SOL,MW,44,0.759,1.219,0.723
12,SOL,OW,45,0.773,1.516,1.612
12,SOL,HW1,46,0.856,1.543,1.652
12,SOL,HW2,47,0.8,1.465,1.535
12,SOL,MW,48,0.785,1.513,1.608
13,SOL,OW,49,0.535,0.669,0.667
13,SOL,HW1,50,0.494,0.601,0.72
13,SOL,HW2,51,0.628,0.664,0.69
13,SOL,MW,52,0.541,0.661,0.675
14,SOL,OW,53,0.86,1.359,1.408
14,SOL,HW1,54,0.869,1.387,1.316
14,SOL,HW2,55,0.819,1.273,1.403
14,SOL,MW,56,0.857,1.353,1.397
15,SOL,OW,57,0.669,0.523,1.092
15,SOL,HW1,58,0.574,0.509,1.09
15,SOL,HW2,59,0.705,0.435,1.092
15,SOL,MW,60,0.662,0.512,1.092
16,SOL,OW,61,0.45,0.91,0.918
16,SOL,HW1,62,0.407,0.931,0.835
16,SOL,HW2,63,0.42,0.978,0.979
16,SOL,MW,64,0.442,0.92,0.916
17,SOL,OW,65,0.137,1.824,0.849
17,SOL,HW1,66,0.219,1.777,0.863
17,SOL,HW2,67,0.094,1.776,0.778
17,SOL,MW,68,0.141,1.814,0.843
18,SOL,OW,69,1.342,1.231,0.252
18,SOL,HW1,70,1.254,1.258,0.224
18,SOL,HW2,71,1.4,1.299,0.218
18,SOL,MW,72,1.339,1.241,0.246
19,SOL,OW,73,0.432,1.385,0.828
19,SOL,HW1,74,0.38,1.464,0.841
19,SOL,HW2,75,0.482,1.401,0.748
19,SOL,MW,76,0.432,1.395,0.821
20,SOL,OW,77,0.924,0.95,0.741
20,SOL,HW1,78,0.85,0.952,0.802
20,SOL,HW2,79,0.962,0.862,0.752
20,SOL,MW,80,0.92,0.941,0.749
21,SOL,OW,81,0.354,1.655,1.531
21,SOL,HW1,82,0.312,1.693,1.454
21,SOL,HW2,83,0.368,1.563,1.508
21,SOL,MW,84,0.351,1.649,1.52
22,SOL,OW,85,0.953,1.239,0.386
22,SOL,HW1,86,0.948,1.317,0.442
22,SOL,HW2,87,0.891,1.178,0.426
22,SOL,MW,88,0.946,1.241,0.396
23,SOL,OW,89,1.785,0.343,0.88
23,SOL,HW1,90,1.701,0.327,0.924
23,SOL,HW2,91,1.781,0.29,0.801
23,SOL,MW,92,1.775,0.336,0.876
24,SOL,OW,93,0.44,0.304,0.346
24,SOL,HW1,94,0.38,0.255,0.289
24,SOL,HW2,95,0.457,0.385,0.298
24,SOL,MW,96,0.435,0.308,0.335
25,SOL,OW,97,0.246,1.224,0.465
25,SOL,HW1,98,0.186,1.285,0.423
25,SOL,HW2,99,0.235,1.142,0.416
25,SOL,MW,100,0.238,1.222,0.456
26,SOL,OW,101,0.934,1.707,0.143
26,SOL,HW1,102,0.906,1.707,0.235
26,SOL,HW2,103,0.874,1.645,0.1
26,SOL,MW,104,0.924,1.7,0.148
27,SOL,OW,105,1.762,0.532,0.116
27,SOL,HW1,106,1.668,0.551,0.113
27,SOL,HW2,107,1.792,0.57,0.199
27,SOL,MW,108,1.755,0.538,0.124
28,SOL,OW,109,1.625,1.135,0.529
28,SOL,HW1,110,1.53,1.141,0.537
28,SOL,HW2,111,1.648,1.203,0.465
28,SOL,MW,112,1.617,1.143,0.523
29,SOL,OW,113,1.483,0.742,1.532
29,SOL,HW1,114,1.532,0.665,1.501
29,SOL,HW2,115,1.391,0.715,1.529
29,SOL,MW,116,1.479,0.731,1.528
30,SOL,OW,117,0.13,1.552,1.183
30,SOL,HW1,118,0.083,1.527,1.263
30,SOL,HW2,119,0.102,1.642,1.167
30,SOL,MW,120,0.122,1.559,1.19
31,SOL,OW,121,1.182,1.106,1.559
31,SOL,HW1,122,1.175,1.201,1.554
31,SOL,HW2,123,1.245,1.09,1.629
31,SOL,MW,124,1.188,1.115,1.566
32,SOL,OW,125,0.94,0.516,1.783
32,SOL,HW1,126,1.013,0.48,1.733
32,SOL,HW2,127,0.864,0.464,1.757
32,SOL,MW,128,0.939,0.507,1.775
33,SOL,OW,129,1.508,0.984,0.832
33,SOL,HW1,130,1.494,0.916,0.766
33,SOL,HW2,131,1.594,0.963,0.869
33,SOL,MW,132,1.516,0.974,0.829
34,SOL,OW,133,1.095,0.676,0.48
34,SOL,HW1,134,1.103,0.713,0.392
34,SOL,HW2,135,1.091,0.581,0.465
34,SOL,MW,136,1.095,0.67,0.469
35,SOL,OW,137,1.692,1.355,0.369
35,SOL,HW1,138,1.699,1.42,0.439
35,SOL,HW2,139,1.777,1.358,0.325
35,SOL,MW,140,1.702,1.362,0.372
36,SOL,OW,141,0.726,0.373,1.678
36,SOL,HW1,142,0.731,0.284,1.642
36,SOL,HW2,143,0.684,0.362,1.763
36,SOL,MW,144,0.722,0.362,1.683
37,SOL,OW,145,0.545,1.696,0.718
37,SOL,HW1,146,0.549,1.791,0.711
37,SOL,HW2,147,0.47,1.671,0.664
37,SOL,MW,148,0.537,1.703,0.711
38,SOL,OW,149,1.783,0.181,0.653
38,SOL,HW1,150,1.768,0.087,0.664
38,SOL,HW2,151,1.713,0.21,0.595
38,SOL,MW,152,1.774,0.174,0.648
39,SOL,OW,153,0.229,1.616,0.324
39,SOL,HW1,154,0.259,1.63,0.234
39,SOL,HW2,155,0.174,1.538,0.319
39,SOL,MW,156,0.226,1.609,0.314
40,SOL,OW,157,0.986,2.232,1.182
40,SOL,HW1,158,0.955,2.183,1.106
40,SOL,HW2,159,1.071,2.267,1.155
40,SOL,MW,160,0.992,2.231,1.171
41,SOL,OW,161,1.572,1.66,0.354
41,SOL,HW1,162,1.645,1.722,0.355
41,SOL,HW2,163,1.53,1.673,0.27
41,SOL,MW,164,1.576,1.668,0.345
42,SOL,OW,165,0.908,0.735,0.106
42,SOL,HW1,166,0.921,0.752,0.012
42,SOL,HW2,167,0.992,0.758,0.146
42,SOL,MW,168,0.918,0.739,0.1
43,SOL,OW,169,1.535,0.532,0.394
43,SOL,HW1,170,1.609,0.547,0.453
43,SOL,HW2,171,1.474,0.602,0.414
43,SOL,MW,172,1.536,0.541,0.402
44,SOL,OW,173,0.93,1.004,1.58
44,SOL,HW1,174,0.904,1.007,1.672
44,SOL,HW2,175,1.018,1.04,1.578
44,SOL,MW,176,0.937,1.008,1.589
45,SOL,OW,177,0.957,0.111,1.39
45,SOL,HW1,178,0.956,0.063,1.308
45,SOL,HW2,179,0.963,0.203,1.364
45,SOL,MW,180,0.958,0.116,1.379
46,SOL,OW,181,1.026,0.533,1.116
46,SOL,HW1,182,1.105,0.581,1.09
46,SOL,HW2,183,0.962,0.601,1.135
46,SOL,MW,184,1.028,0.545,1.115
47,SOL,OW,185,1.622,0.521,1.434
47,SOL,HW1,186,1.567,0.443,1.439
47,SOL,HW2,187,1.649,0.525,1.342
47,SOL,MW,188,1.619,0.513,1.425
48,SOL,OW,189,1.78,1.705,1.359
48,SOL,HW1,190,1.712,1.677,1.421
48,SOL,HW2,191,1.795,1.797,1.382
48,SOL,MW,192,1.775,1.712,1.368
49,SOL,OW,193,1.077,0.334,1.613
49,SOL,HW1,194,1.041,0.351,1.525
49,SOL,HW2,195,1.039,0.25,1.639
49,SOL,MW,196,1.069,0.327,1.606
50,SOL,OW,197,1.538,1.176,1.568
50,SOL,HW1,198,1.611,1.218,1.614
50,SOL,HW2,199,1.482,1.142,1.637
50,SOL,MW,200,1.54,1.177,1.58
51,SOL,OW,201,1.741,0.538,0.592
51,SOL,HW1,202,1.828,0.53,0.631
51,SOL,HW2,203,1.681,0.525,0.665
51,SOL,MW,204,1.744,0.535,0.604
52,SOL,OW,205,0.201,0.154,0.627
52,SOL,HW1,206,0.208,0.115,0.54
52,SOL,HW2,207,0.159,0.087,0.68
52,SOL,MW,208,0.197,0.143,0.623
53,SOL,OW,209,1.104,1.345,0.18
53,SOL,HW1,210,1.038,1.308,0.239
53,SOL,HW2,211,1.058,1.357,0.097
53,SOL,MW,212,1.092,1.342,0.178
54,SOL,OW,213,0.131,0.374,1.103
54,SOL,HW1,214,0.106,0.465,1.118
54,SOL,HW2,215,0.065,0.341,1.042
54,SOL,MW,216,0.121,0.38,1.098
55,SOL,OW,217,0.596,1.763,0.275
55,SOL,HW1,218,0.556,1.685,0.313
55,SOL,HW2,219,0.681,1.77,0.318
55,SOL,MW,220,0.601,1.755,0.284
56,SOL,OW,221,1.746,1.285,1.705
56,SOL,HW1,222,1.772,1.195,1.723
56,SOL,HW2,223,1.694,1.31,1.782
56,SOL,MW,224,1.743,1.278,1.715
57,SOL,OW,225,0.632,1.084,0.159
57,SOL,HW1,226,0.539,1.078,0.135
57,SOL,HW2,227,0.651,1.177,0.159
57,SOL,MW,228,0.624,1.093,0.156
58,SOL,OW,229,1.861,0.776,1.258
58,SOL,HW1,230,1.855,0.856,1.205
58,SOL,HW2,231,1.869,0.808,1.348
58,SOL,MW,232,1.861,0.788,1.262
59,SOL,OW,233,1.691,1.621,0.93
59,SOL,HW1,234,1.654,1.662,1.009
59,SOL,HW2,235,1.666,1.529,0.937
59,SOL,MW,236,1.684,1.616,0.939
60,SOL,OW,237,1.42,1.669,0.129
60,SOL,HW1,238,1.33,1.651,0.154
60,SOL,HW2,239,1.424,1.765,0.121
60,SOL,MW,240,1.411,1.677,0.131
61,SOL,OW,241,0.087,0.842,1.143
61,SOL,HW1,242,0.112,0.934,1.145
61,SOL,HW2,243,0.01,0.839,1.085
61,SOL,MW,244,0.081,0.851,1.137
62,SOL,OW,245,1.522,1.413,0.16
62,SOL,HW1,246,1.486,1.5,0.145
62,SOL,HW2,247,1.57,1.42,0.242
62,SOL,MW,248,1.523,1.423,0.167
63,SOL,OW,249,0.781,0.32,2.291
63,SOL,HW1,250,0.696,0.307,2.25
63,SOL,HW2,251,0.804,0.235,0.028
63,SOL,MW,252,0.775,0.31,2.291
64,SOL,OW,253,0.215,1.764,1.748
64,SOL,HW1,254,0.148,1.82,1.707
64,SOL,HW2,255,0.258,1.721,1.674
64,SOL,MW,256,0.212,1.766,1.736
65,SOL,OW,257,0.374,1.09,1.111
65,SOL,HW1,258,0.417,1.17,1.141
65,SOL,HW2,259,0.283,1.116,1.097
65,SOL,MW,260,0.369,1.102,1.113
66,SOL,OW,261,0.805,0.986,1.158
66,SOL,HW1,262,0.82,0.892,1.169
66,SOL,HW2,263,0.765,0.995,1.072
66,SOL,MW,264,0.803,0.977,1.15
67,SOL,OW,265,0.112,0.887,0.522
67,SOL,HW1,266,0.19,0.877,0.577
67,SOL,HW2,267,0.078,0.798,0.512
67,SOL,MW,268,0.117,0.876,0.527
68,SOL,OW,269,0.345,0.663,1.701
68,SOL,HW1,270,0.277,0.723,1.731
68,SOL,HW2,271,0.415,0.672,1.766
68,SOL,MW,272,0.345,0.67,1.711
69,SOL,OW,273,0.749,0.117,1.568
69,SOL,HW1,274,0.733,0.03,1.606
69,SOL,HW2,275,0.828,0.106,1.516
69,SOL,MW,276,0.756,0.107,1.567
70,SOL,OW,277,0.406,0.746,1.446
70,SOL,HW1,278,0.501,0.756,1.455
70,SOL,HW2,279,0.377,0.711,1.53
70,SOL,MW,280,0.413,0.743,1.456
71,SOL,OW,281,0.993,1.723,0.879
71,SOL,HW1,282,1.009,1.759,0.967
71,SOL,HW2,283,0.962,1.798,0.828
71,SOL,MW,284,0.991,1.735,0.883
72,SOL,OW,285,1.26,0.117,1.88
72,SOL,HW1,286,1.266,0.048,1.946
72,SOL,HW2,287,1.261,0.199,1.93
72,SOL,MW,288,1.261,0.118,1.892
73,SOL,OW,289,0.142,1.51,0.774
73,SOL,HW1,290,0.074,1.508,0.841
73,SOL,HW2,291,0.159,1.418,0.753
73,SOL,MW,292,0.137,1.5,0.779
74,SOL,OW,293,0.951,1.464,0.548
74,SOL,HW1,294,1.045,1.453,0.567
74,SOL,HW2,295,0.911,1.475,0.634
74,SOL,MW,296,0.957,1.464,0.559
75,SOL,OW,297,1.79,0.618,0.949
75,SOL,HW1,298,1.885,0.627,0.943
75,SOL,HW2,299,1.771,0.534,0.908
75,SOL,MW,300,1.798,0.61,0.944
76,SOL,OW,301,1.599,0.855,1.846
76,SOL,HW1,302,1.655,0.787,1.809
76,SOL,HW2,303,1.636,0.87,1.934
76,SOL,MW,304,1.609,0.849,1.852
77,SOL,OW,305,0.75,1.538,0.03
77,SOL,HW1,306,0.685,1.602,0.002
77,SOL,HW2,307,0.7,1.475,0.083
77,SOL,MW,308,0.738,1.538,0.032
78,SOL,OW,309,1.117,0.211,0.278
78,SOL,HW1,310,1.046,0.181,0.222
78,SOL,HW2,311,1.175,0.26,0.22
78,SOL,MW,312,1.116,0.213,0.266
79,SOL,OW,313,0.96,0.388,1.362
79,SOL,HW1,314,0.883,0.442,1.382
79,SOL,HW2,315,1.0,0.431,1.286
79,SOL,MW,316,0.956,0.399,1.356
80,SOL,OW,317,1.207,0.709,0.981
80,SOL,HW1,318,1.23,0.802,0.988
80,SOL,HW2,319,1.149,0.704,0.905
80,SOL,MW,320,1.203,0.719,0.974
81,SOL,OW,321,0.708,1.003,0.903
81,SOL,HW1,322,0.62,0.966,0.904
81,SOL,HW2,323,0.699,1.086,0.855
81,SOL,MW,324,0.698,1.008,0.898
82,SOL,OW,325,1.534,0.524,0.79
82,SOL,HW1,326,1.487,0.442,0.774
82,SOL,HW2,327,1.512,0.547,0.88
82,SOL,MW,328,1.527,0.518,0.798
83,SOL,OW,329,0.403,0.258,1.614
83,SOL,HW1,330,0.33,0.313,1.644
83,SOL,HW2,331,0.435,0.302,1.535
83,SOL,MW,332,0.399,0.269,1.608
84,SOL,OW,333,1.03,0.701,0.766
84,SOL,HW1,334,0.946,0.656,0.78
84,SOL,HW2,335,1.052,0.682,0.675
84,SOL,MW,336,1.023,0.694,0.758
85,SOL,OW,337,0.321,1.615,0.589
85,SOL,HW1,338,0.29,1.611,0.498
85,SOL,HW2,339,0.246,1.586,0.641
85,SOL,MW,340,0.31,1.612,0.585
86,SOL,OW,341,0.804,1.045,0.514
86,SOL,HW1,342,0.807,0.988,0.437
86,SOL,HW2,343,0.853,0.996,0.58
86,SOL,MW,344,0.81,1.033,0.513
87,SOL,OW,345,1.387,1.591,1.269
87,SOL,HW1,346,1.294,1.586,1.248
87,SOL,HW2,347,1.411,1.502,1.295
87,SOL,MW,348,1.38,1.581,1.27
88,SOL,OW,349,1.405,1.744,0.711
88,SOL,HW1,350,1.367,1.722,0.626
88,SOL,HW2,351,1.5,1.744,0.695
88,SOL,MW,352,1.411,1.742,0.7
89,SOL,OW,353,1.403,0.281,0.742
89,SOL,HW1,354,1.415,0.208,0.803
89,SOL,HW2,355,1.308,0.288,0.731
89,SOL,MW,356,1.394,0.274,0.747
90,SOL,OW,357,0.208,1.249,0.735
90,SOL,HW1,358,0.294,1.273,0.77
90,SOL,HW2,359,0.224,1.232,0.642
90,SOL,MW,360,0.219,1.249,0.729
91,SOL,OW,361,0.597,1.316,1.702
91,SOL,HW1,362,0.661,1.386,1.685
91,SOL,HW2,363,0.63,1.272,1.78
91,SOL,MW,364,0.607,1.319,1.708
92,SOL,OW,365,0.076,1.345,1.846
92,SOL,HW1,366,0.172,1.351,1.844
92,SOL,HW2,367,0.052,1.314,1.759
92,SOL,MW,368,0.084,1.342,1.837
93,SOL,OW,369,1.286,0.349,0.113
93,SOL,HW1,370,1.217,0.369,0.049
93,SOL,HW2,371,1.344,0.424,0.11
93,SOL,MW,372,1.285,0.359,0.106
94,SOL,OW,373,0.922,0.105,0.099
94,SOL,HW1,374,0.967,0.113,0.015
94,SOL,HW2,375,0.891,0.015,0.102
94,SOL,MW,376,0.924,0.096,0.09
95,SOL,OW,377,1.45,0.967,0.281
95,SOL,HW1,378,1.388,1.039,0.279
95,SOL,HW2,379,1.409,0.902,0.338
95,SOL,MW,380,1.439,0.968,0.287
96,SOL,OW,381,1.122,1.371,1.493
96,SOL,HW1,382,1.031,1.365,1.465
96,SOL,HW2,383,1.173,1.37,1.412
96,SOL,MW,384,1.118,1.37,1.482
97,SOL,OW,385,0.449,0.105,1.845
97,SOL,HW1,386,0.44,0.014,1.817
97,SOL,HW2,387,0.439,0.156,1.764
97,SOL,MW,388,0.447,0.101,1.833
98,SOL,OW,389,0.399,1.56,1.134
98,SOL,HW1,390,0.442,1.627,1.188
98,SOL,HW2,391,0.308,1.561,1.163
98,SOL,MW,392,0.394,1.567,1.143
99,SOL,OW,393,1.852,0.957,1.484
99,SOL,HW1,394,1.764,0.965,1.448
99,SOL,HW2,395,1.841,0.965,1.579
99,SOL,MW,396,1.842,0.958,1.491
100,SOL,OW,397,0.903,1.41,1.143
100,SOL,HW1,398,0.941,1.324,1.13
100,SOL,HW2,399,0.824,1.41,1.089
100,SOL,MW,400,0.898,1.401,1.136
101,SOL,OW,401,0.364,1.117,0.095
101,SOL,HW1,402,0.313,1.083,0.169
101,SOL,HW2,403,0.341,1.06,0.022
101,SOL,MW,404,0.356,1.108,0.095
102,SOL,OW,405,1.146,1.033,0.398
102,SOL,HW1,406,1.081,1.103,0.39
102,SOL,HW2,407,1.211,1.068,0.459
102,SOL,MW,408,1.146,1.044,0.404
103,SOL,OW,409,0.66,1.387,1.0
103,SOL,HW1,410,0.62,1.358,1.082
103,SOL,HW2,411,0.589,1.384,0.936
103,SOL,MW,412,0.648,1.384,1.002
104,SOL,OW,413,1.454,0.303,1.417
104,SOL,HW1,414,1.419,0.293,1.505
104,SOL,HW2,415,1.447,0.216,1.378
104,SOL,MW,416,1.449,0.293,1.422
105,SOL,OW,417,1.797,0.213,1.267
105,SOL,HW1,418,1.759,0.301,1.27
105,SOL,HW2,419,1.874,0.223,1.21
105,SOL,MW,420,1.801,0.224,1.261
106,SOL,OW,421,0.001,1.285,1.589
106,SOL,HW1,422,0.081,1.242,1.558
106,SOL,HW2,423,2.232,1.221,1.571
106,SOL,MW,424,0.003,1.273,1.584
107,SOL,OW,425,0.745,0.057,0.704
107,SOL,HW1,426,0.706,0.124,0.649
107,SOL,HW2,427,0.839,0.063,0.687
107,SOL,MW,428,0.751,0.065,0.697
108,SOL,OW,429,0.503,1.284,0.406
108,SOL,HW1,430,0.538,1.338,0.477
108,SOL,HW2,431,0.41,1.276,0.427
108,SOL,MW,432,0.496,1.289,0.416
109,SOL,OW,433,1.114,1.59,1.207
109,SOL,HW1,434,1.042,1.533,1.18
109,SOL,HW2,435,1.083,1.678,1.187
109,SOL,MW,436,1.103,1.593,1.202
110,SOL,OW,437,1.227,1.57,0.837
110,SOL,HW1,438,1.291,1.634,0.806
110,SOL,HW2,439,1.148,1.623,0.854
110,SOL,MW,440,1.225,1.583,0.836
111,SOL,OW,441,1.593,1.734,1.164
111,SOL,HW1,442,1.662,1.713,1.227
111,SOL,HW2,443,1.518,1.681,1.191
111,SOL,MW,444,1.592,1.726,1.174
112,SOL,OW,445,0.786,0.751,1.775
112,SOL,HW1,446,0.843,0.674,1.781
112,SOL,HW2,447,0.706,0.724,1.82
112,SOL,MW,448,0.784,0.74,1.78
113,SOL,OW,449,1.579,0.96,1.41
113,SOL,HW1,450,1.566,1.036,1.467
113,SOL,HW2,451,1.546,0.886,1.46
113,SOL,MW,452,1.574,0.961,1.421
114,SOL,OW,453,1.031,0.084,1.738
114,SOL,HW1,454,1.049,0.015,1.674
114,SOL,HW2,455,1.112,0.093,1.788
114,SOL,MW,456,1.041,0.077,1.737
115,SOL,OW,457,0.501,0.536,0.209
115,SOL,HW1,458,0.49,0.609,0.271
115,SOL,HW2,459,0.596,0.531,0.196
115,SOL,MW,460,0.51,0.543,0.215
116,SOL,OW,461,1.618,1.364,0.963
116,SOL,HW1,462,1.645,1.32,0.883
116,SOL,HW2,463,1.522,1.365,0.96
116,SOL,MW,464,1.61,1.359,0.954
117,SOL,OW,465,1.146,0.978,1.319
117,SOL,HW1,466,1.156,1.025,1.401
117,SOL,HW2,467,1.096,1.037,1.263
117,SOL,MW,468,1.142,0.989,1.322
118,SOL,OW,469,1.475,0.555,0.112
118,SOL,HW1,470,1.432,0.639,0.097
118,SOL,HW2,471,1.491,0.553,0.207
118,SOL,MW,472,1.472,0.564,0.121
119,SOL,OW,473,0.45,0.217,0.724
119,SOL,HW1,474,0.51,0.22,0.65
119,SOL,HW2,475,0.368,0.186,0.686
119,SOL,MW,476,0.447,0.214,0.712
120,SOL,OW,477,0.243,1.181,1.526
120,SOL,HW1,478,0.268,1.138,1.607
120,SOL,HW2,479,0.255,1.113,1.458
120,SOL,MW,480,0.247,1.169,1.527
121,SOL,OW,481,0.724,0.53,1.448
121,SOL,HW1,482,0.712,0.621,1.474
121,SOL,HW2,483,0.723,0.482,1.531
121,SOL,MW,484,0.723,0.535,1.46
122,SOL,OW,485,1.134,0.807,0.24
122,SOL,HW1,486,1.209,0.806,0.18
122,SOL,HW2,487,1.141,0.891,0.285
122,SOL,MW,488,1.143,0.815,0.238
123,SOL,OW,489,0.359,0.89,0.657
123,SOL,HW1,490,0.411,0.943,0.597
123,SOL,HW2,491,0.411,0.81,0.669
123,SOL,MW,492,0.37,0.887,0.652
124,SOL,OW,493,1.548,0.271,0.503
124,SOL,HW1,494,1.492,0.268,0.58
124,SOL,HW2,495,1.541,0.361,0.471
124,SOL,MW,496,1.541,0.28,0.508
125,SOL,OW,497,1.129,0.297,0.708
125,SOL,HW1,498,1.101,0.348,0.632
125,SOL,HW2,499,1.069,0.321,0.778
125,SOL,MW,500,1.12,0.305,0.707
126,SOL,OW,501,0.982,1.409,2.239
126,SOL,HW1,502,1.003,1.484,2.184
126,SOL,HW2,503,0.891,1.425,2.266
126,SOL,MW,504,0.974,1.419,2.236
127,SOL,OW,505,1.799,1.022,1.751
127,SOL,HW1,506,1.725,0.967,1.777
127,SOL,HW2,507,1.847,1.039,1.832
127,SOL,MW,508,1.796,1.018,1.762
128,SOL,OW,509,2.266,1.45,0.993
128,SOL,HW1,510,0.037,1.475,1.051
128,SOL,HW2,511,2.193,1.506,1.019
128,SOL,MW,512,2.266,1.459,1.002
129,SOL,OW,513,2.284,0.634,0.488
129,SOL,HW1,514,2.28,0.623,0.583
129,SOL,HW2,515,0.072,0.603,0.465
129,SOL,MW,516,2.293,0.629,0.496
130,SOL,OW,517,1.584,1.86,1.743
130,SOL,HW1,518,1.637,1.784,1.719
130,SOL,HW2,519,1.613,1.882,1.832
130,SOL,MW,520,1.593,1.854,1.75
131,SOL,OW,521,1.217,1.423,0.603
131,SOL,HW1,522,1.219,1.455,0.694
131,SOL,HW2,523,1.26,1.492,0.553
131,SOL,MW,524,1.222,1.434,0.608
132,SOL,OW,525,0.491,0.396,1.375
132,SOL,HW1,526,0.564,0.457,1.389
132,SOL,HW2,527,0.456,0.42,1.289
132,SOL,MW,528,0.495,0.405,1.367
133,SOL,OW,529,0.408,0.412,1.091
133,SOL,HW1,530,0.437,0.325,1.063
133,SOL,HW2,531,0.313,0.404,1.099
133,SOL,MW,532,0.401,0.402,1.089
134,SOL,OW,533,1.288,0.53,1.766
134,SOL,HW1,534,1.323,0.447,1.732
134,SOL,HW2,535,1.257,0.576,1.688
134,SOL,MW,536,1.289,0.526,1.754
135,SOL,OW,537,1.338,0.282,1.662
135,SOL,HW1,538,1.246,0.296,1.638
135,SOL,HW2,539,1.335,0.211,1.727
135,SOL,MW,540,1.327,0.276,1.666
136,SOL,OW,541,0.495,0.173,0.989
136,SOL,HW1,542,0.448,0.095,1.017
136,SOL,HW2,543,0.486,0.174,0.894
136,SOL,MW,544,0.489,0.165,0.982
137,SOL,OW,545,0.627,1.735,1.515
137,SOL,HW1,546,0.538,1.714,1.543
137,SOL,HW2,547,0.681,1.664,1.55
137,SOL,MW,548,0.623,1.725,1.522
138,SOL,OW,549,1.71,0.476,1.18
138,SOL,HW1,550,1.644,0.424,1.133
138,SOL,HW2,551,1.741,0.539,1.115
138,SOL,MW,552,1.706,0.477,1.168
139,SOL,OW,553,1.829,1.014,1.124
139,SOL,HW1,554,1.804,0.98,1.038
139,SOL,HW2,555,1.761,1.078,1.145
139,SOL,MW,556,1.819,1.017,1.117
140,SOL,OW,557,1.291,0.973,0.988
140,SOL,HW1,558,1.327,1.0,1.073
140,SOL,HW2,559,1.365,0.98,0.927
140,SOL,MW,560,1.303,0.976,0.991
141,SOL,OW,561,1.315,0.51,1.295
141,SOL,HW1,562,1.362,0.532,1.214
141,SOL,HW2,563,1.36,0.432,1.328
141,SOL,MW,564,1.325,0.504,1.29
142,SOL,OW,565,1.793,0.674,1.775
142,SOL,HW1,566,1.777,0.623,1.855
142,SOL,HW2,567,1.802,0.609,1.706
142,SOL,MW,568,1.792,0.662,1.776
143,SOL,OW,569,1.388,1.047,1.756
143,SOL,HW1,570,1.44,0.967,1.765
143,SOL,HW2,571,1.382,1.082,1.845
143,SOL,MW,572,1.393,1.043,1.766
144,SOL,OW,573,1.274,2.28,0.284
144,SOL,HW1,574,1.351,0.036,0.277
144,SOL,HW2,575,1.201,0.04,0.295
144,SOL,MW,576,1.275,2.292,0.284
145,SOL,OW,577,1.37,0.747,0.441
145,SOL,HW1,578,1.279,0.73,0.466
145,SOL,HW2,579,1.415,0.764,0.524
145,SOL,MW,580,1.365,0.747,0.452
146,SOL,OW,581,0.491,1.321,1.214
146,SOL,HW1,582,0.484,1.33,1.309
146,SOL,HW2,583,0.455,1.402,1.179
146,SOL,MW,584,0.487,1.33,1.22
147,SOL,OW,585,0.741,0.256,1.083
147,SOL,HW1,586,0.732,0.222,1.172
147,SOL,HW2,587,0.667,0.219,1.035
147,SOL,MW,588,0.732,0.248,1.088
148,SOL,OW,589,0.525,1.769,1.263
148,SOL,HW1,590,0.582,1.831,1.217
148,SOL,HW2,591,0.57,1.752,1.345
148,SOL,MW,592,0.536,1.774,1.267
149,SOL,OW,593,1.538,1.366,1.372
149,SOL,HW1,594,1.524,1.301,1.441
149,SOL,HW2,595,1.58,1.317,1.301
149,SOL,MW,596,1.541,1.354,1.372
150,SOL,OW,597,0.562,1.058,1.583
150,SOL,HW1,598,0.613,1.074,1.503
150,SOL,HW2,599,0.577,1.136,1.637
150,SOL,MW,600,0.569,1.068,1.58
151,SOL,OW,601,0.754,1.108,1.398
151,SOL,HW1,602,0.817,1.066,1.456
151,SOL,HW2,603,0.763,1.061,1.315
151,SOL,MW,604,0.761,1.098,1.395
152,SOL,OW,605,0.77,0.51,0.185
152,SOL,HW1,606,0.819,0.586,0.153
152,SOL,HW2,607,0.776,0.446,0.113
152,SOL,MW,608,0.776,0.511,0.174
153,SOL,OW,609,1.587,1.592,1.516
153,SOL,HW1,610,1.652,1.576,1.585
153,SOL,HW2,611,1.582,1.509,1.468
153,SOL,MW,612,1.594,1.581,1.518
154,SOL,OW,613,1.228,0.045,1.126
154,SOL,HW1,614,1.282,0.051,1.048
154,SOL,HW2,615,1.291,0.046,1.199
154,SOL,MW,616,1.24,0.046,1.126
155,SOL,OW,617,0.198,1.008,0.296
155,SOL,HW1,618,0.12,1.054,0.263
155,SOL,HW2,619,0.166,0.961,0.373
155,SOL,MW,620,0.186,1.008,0.301
156,SOL,OW,621,0.586,1.364,0.159
156,SOL,HW1,622,0.558,1.342,0.248
156,SOL,HW2,623,0.506,1.365,0.108
156,SOL,MW,624,0.574,1.362,0.163
157,SOL,OW,625,1.176,1.604,0.231
157,SOL,HW1,626,1.157,1.511,0.22
157,SOL,HW2,627,1.097,1.648,0.199
157,SOL,MW,628,1.165,1.599,0.226
158,SOL,OW,629,0.38,1.735,0.931
158,SOL,HW1,630,0.395,1.668,0.998
158,SOL,HW2,631,0.447,1.718,0.865
158,SOL,MW,632,0.389,1.726,0.931
159,SOL,OW,633,1.016,1.157,1.144
159,SOL,HW1,634,0.939,1.1,1.151
159,SOL,HW2,635,1.043,1.148,1.052
159,SOL,MW,636,1.011,1.15,1.135
160,SOL,OW,637,2.267,1.467,1.388
160,SOL,HW1,638,2.281,1.415,1.467
160,SOL,HW2,639,2.187,1.517,1.407
160,SOL,MW,640,2.26,1.467,1.399
161,SOL,OW,641,0.947,0.363,0.912
161,SOL,HW1,642,0.889,0.303,0.958
161,SOL,HW2,643,0.984,0.418,0.982
161,SOL,MW,644,0.945,0.363,0.925
162,SOL,OW,645,0.665,0.796,1.536
162,SOL,HW1,646,0.632,0.885,1.549
162,SOL,HW2,647,0.714,0.776,1.616
162,SOL,MW,648,0.667,0.803,1.546
163,SOL,OW,649,0.352,1.312,1.84
163,SOL,HW1,650,0.425,1.337,1.784
163,SOL,HW2,651,0.34,1.218,1.823
163,SOL,MW,652,0.359,1.304,1.833
164,SOL,OW,653,1.425,0.046,1.322
164,SOL,HW1,654,1.502,0.008,1.279
164,SOL,HW2,655,1.413,2.293,1.4
164,SOL,MW,656,1.432,0.037,1.326
165,SOL,OW,657,1.755,1.639,1.726
165,SOL,HW1,658,1.725,1.62,1.814
165,SOL,HW2,659,1.821,1.708,1.738
165,SOL,MW,660,1.759,1.645,1.736
166,SOL,OW,661,0.408,0.471,0.809
166,SOL,HW1,662,0.435,0.382,0.787
166,SOL,HW2,663,0.399,0.471,0.904
166,SOL,MW,664,0.41,0.462,0.817
167,SOL,OW,665,0.048,1.654,1.942
167,SOL,HW1,666,0.11,1.687,1.877
167,SOL,HW2,667,2.276,1.618,1.89
167,SOL,MW,668,0.047,1.654,1.929
168,SOL,OW,669,0.845,1.495,0.803
168,SOL,HW1,670,0.784,1.472,0.872
168,SOL,HW2,671,0.892,1.572,0.836
168,SOL,MW,672,0.844,1.501,0.814
169,SOL,OW,673,1.052,0.404,0.467
169,SOL,HW1,674,1.075,0.336,0.404
169,SOL,HW2,675,0.957,0.411,0.462
169,SOL,MW,676,1.045,0.398,0.459
170,SOL,OW,677,0.209,0.007,0.398
170,SOL,HW1,678,0.222,0.065,0.323
170,SOL,HW2,679,0.121,2.271,0.386
170,SOL,MW,680,0.201,0.01,0.389
171,SOL,OW,681,0.071,0.469,1.461
171,SOL,HW1,682,0.118,0.53,1.405
171,SOL,HW2,683,0.092,0.383,1.425
171,SOL,MW,684,0.078,0.466,1.451
172,SOL,OW,685,1.75,1.502,0.592
172,SOL,HW1,686,1.731,1.428,0.649
172,SOL,HW2,687,1.846,1.511,0.595
172,SOL,MW,688,1.758,1.495,0.598
173,SOL,OW,689,1.348,1.187,0.52
173,SOL,HW1,690,1.305,1.26,0.566
173,SOL,HW2,691,1.348,1.213,0.428
173,SOL,MW,692,1.343,1.198,0.515
174,SOL,OW,693,1.001,0.073,0.613
174,SOL,HW1,694,1.049,0.151,0.64
174,SOL,HW2,695,0.966,0.094,0.527
174,SOL,MW,696,1.003,0.083,0.607
175,SOL,OW,697,1.76,0.889,0.891
175,SOL,HW1,698,1.774,0.895,0.796
175,SOL,HW2,699,1.759,0.795,0.909
175,SOL,MW,700,1.762,0.88,0.883
176,SOL,OW,701,0.202,0.635,1.29
176,SOL,HW1,702,0.171,0.71,1.24
176,SOL,HW2,703,0.28,0.666,1.335
176,SOL,MW,704,0.207,0.646,1.289
177,SOL,OW,705,1.755,0.903,0.613
177,SOL,HW1,706,1.839,0.9,0.567
177,SOL,HW2,707,1.713,0.982,0.58
177,SOL,MW,708,1.759,0.911,0.604
178,SOL,OW,709,0.152,0.839,1.78
178,SOL,HW1,710,0.122,0.781,1.85
178,SOL,HW2,711,0.074,0.86,1.73
178,SOL,MW,712,0.141,0.835,1.782
179,SOL,OW,713,0.372,0.067,1.323
179,SOL,HW1,714,0.463,0.097,1.324
179,SOL,HW2,715,0.362,0.024,1.238
179,SOL,MW,716,0.381,0.066,1.314
180,SOL,OW,717,0.464,0.726,0.407
180,SOL,HW1,718,0.484,0.819,0.401
180,SOL,HW2,719,0.499,0.699,0.492
180,SOL,MW,720,0.47,0.733,0.415
181,SOL,OW,721,1.224,0.642,1.518
181,SOL,HW1,722,1.248,0.594,1.439
181,SOL,HW2,723,1.14,0.683,1.496
181,SOL,MW,724,1.218,0.642,1.507
182,SOL,OW,725,0.198,0.433,0.637
182,SOL,HW1,726,0.271,0.447,0.698
182,SOL,HW2,727,0.189,0.337,0.633
182,SOL,MW,728,0.205,0.424,0.643
183,SOL,OW,729,1.77,1.851,0.32
183,SOL,HW1,730,1.841,1.853,0.256
183,SOL,HW2,731,1.727,1.936,0.311
183,SOL,MW,732,1.773,1.861,0.312
184,SOL,OW,733,0.844,0.719,1.196
184,SOL,HW1,734,0.773,0.655,1.189
184,SOL,HW2,735,0.871,0.715,1.288
184,SOL,MW,736,0.839,0.712,1.205
185,SOL,OW,737,1.408,1.808,1.522
185,SOL,HW1,738,1.441,1.724,1.491
185,SOL,HW2,739,1.465,1.831,1.596
185,SOL,MW,740,1.418,1.802,1.527
186,SOL,OW,741,0.626,0.169,1.328
186,SOL,HW1,742,0.582,0.252,1.345
186,SOL,HW2,743,0.666,0.146,1.413
186,SOL,MW,744,0.626,0.175,1.339
187,SOL,OW,745,2.293,1.152,0.192
187,SOL,HW1,746,2.212,1.103,0.205
187,SOL,HW2,747,0.011,1.144,0.099
187,SOL,MW,748,2.286,1.146,0.184
188,SOL,OW,749,1.419,0.063,0.922
188,SOL,HW1,750,1.49,0.03,0.978
188,SOL,HW2,751,1.405,2.292,0.858
188,SOL,MW,752,1.425,0.052,0.921
189,SOL,OW,753,1.517,0.769,0.662
189,SOL,HW1,754,1.607,0.796,0.645
189,SOL,HW2,755,1.526,0.687,0.711
189,SOL,MW,756,1.528,0.763,0.666
190,SOL,OW,757,0.558,1.735,2.298
190,SOL,HW1,758,0.469,1.701,0.009
190,SOL,HW2,759,0.584,1.763,0.086
190,SOL,MW,760,0.552,1.735,0.008
191,SOL,OW,761,0.994,0.775,1.431
191,SOL,HW1,762,1.05,0.83,1.377
191,SOL,HW2,763,0.956,0.834,1.495
191,SOL,MW,764,0.996,0.787,1.432
192,SOL,OW,765,0.332,1.045,1.75
192,SOL,HW1,766,0.268,0.974,1.753
192,SOL,HW2,767,0.399,1.015,1.69
192,SOL,MW,768,0.332,1.034,1.744
193,SOL,OW,769,1.329,0.781,0.037
193,SOL,HW1,770,1.272,0.771,2.261
193,SOL,HW2,771,1.386,0.855,0.015
193,SOL,MW,772,1.329,0.788,0.026
194,SOL,OW,773,0.599,1.426,0.619
194,SOL,HW1,774,0.663,1.366,0.659
194,SOL,HW2,775,0.627,1.513,0.647
194,SOL,MW,776,0.609,1.429,0.627
195,SOL,OW,777,0.789,0.573,0.831
195,SOL,HW1,778,0.74,0.586,0.912
195,SOL,HW2,779,0.838,0.492,0.845
195,SOL,MW,780,0.789,0.566,0.841
196,SOL,OW,781,1.804,0.058,1.511
196,SOL,HW1,782,1.746,2.286,1.486
196,SOL,HW2,783,1.806,0.116,1.434
196,SOL,MW,784,1.798,0.057,1.5
197,SOL,OW,785,1.081,1.122,0.887
197,SOL,HW1,786,1.163,1.076,0.906
197,SOL,HW2,787,1.033,1.062,0.829
197,SOL,MW,788,1.085,1.111,0.883
198,SOL,OW,789,0.772,0.889,0.29
198,SOL,HW1,790,0.816,0.841,0.22
198,SOL,HW2,791,0.719,0.955,0.244
198,SOL,MW,792,0.771,0.891,0.277
199,SOL,OW,793,1.349,1.378,0.997
199,SOL,HW1,794,1.299,1.445,0.949
199,SOL,HW2,795,1.305,1.371,1.081
199,SOL,MW,796,1.339,1.384,1.001
200,SOL,OW,797,1.239,1.295,1.245
200,SOL,HW1,798,1.304,1.225,1.249
200,SOL,HW2,799,1.161,1.255,1.207
200,SOL,MW,800,1.238,1.284,1.242
201,SOL,OW,801,0.234,0.732,0.939
201,SOL,HW1,802,0.189,0.771,1.014
201,SOL,HW2,803,0.318,0.778,0.935
201,SOL,MW,804,0.238,0.741,0.947
202,SOL,OW,805,1.425,1.49,1.721
202,SOL,HW1,806,1.401,1.563,1.778
202,SOL,HW2,807,1.464,1.531,1.644
202,SOL,MW,808,1.426,1.502,1.719
203,SOL,OW,809,1.471,0.16,0.259
203,SOL,HW1,810,1.495,0.197,0.344
203,SOL,HW2,811,1.425,0.23,0.214
203,SOL,MW,812,1.468,0.171,0.264
204,SOL,OW,813,0.819,0.719,0.504
204,SOL,HW1,814,0.79,0.771,0.428
204,SOL,HW2,815,0.914,0.718,0.497
204,SOL,MW,816,0.826,0.724,0.495
205,SOL,OW,817,0.206,0.428,1.698
205,SOL,HW1,818,0.149,0.441,1.622
205,SOL,HW2,819,0.259,0.508,1.702
205,SOL,MW,820,0.205,0.438,1.691
206,SOL,OW,821,1.389,1.056,1.237
206,SOL,HW1,822,1.456,1.023,1.297
206,SOL,HW2,823,1.307,1.017,1.268
206,SOL,MW,824,1.387,1.048,1.247
207,SOL,OW,825,0.856,1.687,0.402
207,SOL,HW1,826,0.908,1.758,0.44
207,SOL,HW2,827,0.884,1.609,0.449
207,SOL,MW,828,0.864,1.687,0.411
208,SOL,OW,829,1.64,0.048,1.114
208,SOL,HW1,830,1.706,0.002,1.062
208,SOL,HW2,831,1.691,0.1,1.176
208,SOL,MW,832,1.652,0.049,1.115
209,SOL,OW,833,0.092,0.025,0.991
209,SOL,HW1,834,0.089,2.285,0.904
209,SOL,HW2,835,0.033,0.1,0.985
209,SOL,MW,836,0.085,0.029,0.981
210,SOL,OW,837,1.739,1.269,0.737
210,SOL,HW1,838,1.696,1.212,0.674
210,SOL,HW2,839,1.831,1.243,0.734
210,SOL,MW,840,1.745,1.261,0.73
211,SOL,OW,841,0.425,1.383,1.482
211,SOL,HW1,842,0.358,1.316,1.494
211,SOL,HW2,843,0.491,1.362,1.548
211,SOL,MW,844,0.425,1.374,1.491
212,SOL,OW,845,0.255,0.174,0.191
212,SOL,HW1,846,0.202,0.246,0.155
212,SOL,HW2,847,0.261,0.111,0.12
212,SOL,MW,848,0.25,0.175,0.179
213,SOL,OW,849,1.441,0.587,1.049
213,SOL,HW1,850,1.361,0.633,1.024
213,SOL,HW2,851,1.493,0.653,1.094
213,SOL,MW,852,1.438,0.599,1.051
214,SOL,OW,853,0.118,0.372,0.067
214,SOL,HW1,854,0.094,0.453,0.111
214,SOL,HW2,855,0.196,0.395,0.016
214,SOL,MW,856,0.124,0.383,0.066
215,SOL,OW,857,0.077,1.385,0.33
215,SOL,HW1,858,0.008,1.431,0.377
215,SOL,HW2,859,0.031,1.317,0.28
215,SOL,MW,860,0.065,1.382,0.329
216,SOL,OW,861,1.324,1.635,0.468
216,SOL,HW1,862,1.414,1.641,0.433
216,SOL,HW2,863,1.269,1.638,0.39
216,SOL,MW,864,1.328,1.636,0.456
217,SOL,OW,865,1.709,0.903,2.094
217,SOL,HW1,866,1.755,0.84,2.149
217,SOL,HW2,867,1.632,0.927,2.145
217,SOL,MW,868,1.706,0.899,2.105
218,SOL,OW,869,0.356,0.501,2.281
218,SOL,HW1,870,0.404,0.512,0.063
218,SOL,HW2,871,0.345,0.59,2.248
218,SOL,MW,872,0.36,0.512,2.286
219,SOL,OW,873,1.404,1.153,2.013
219,SOL,HW1,874,1.321,1.197,2.034
219,SOL,HW2,875,1.462,1.223,1.985
219,SOL,MW,876,1.401,1.165,2.013
220,SOL,OW,877,0.518,0.301,2.17
220,SOL,HW1,878,0.448,0.241,2.142
220,SOL,HW2,879,0.471,0.377,2.205
220,SOL,MW,880,0.505,0.302,2.171
221,SOL,OW,881,0.345,1.364,2.278
221,SOL,HW1,882,0.264,1.369,2.227
221,SOL,HW2,883,0.343,1.278,0.019
221,SOL,MW,884,0.336,1.355,2.277
222,SOL,OW,885,0.954,1.646,2.076
222,SOL,HW1,886,0.933,1.699,2.153
222,SOL,HW2,887,0.869,1.611,2.047
222,SOL,MW,888,0.943,1.648,2.081
223,SOL,OW,889,1.731,0.56,2.015
223,SOL,HW1,890,1.651,0.52,2.048
223,SOL,HW2,891,1.765,0.611,2.089
223,SOL,MW,892,1.726,0.562,2.026
224,SOL,OW,893,1.603,1.143,0.109
224,SOL,HW1,894,1.556,1.099,0.18
224,SOL,HW2,895,1.578,1.235,0.118
224,SOL,MW,896,1.595,1.148,0.118
225,SOL,OW,897,1.851,1.349,2.101
225,SOL,HW1,898,1.797,1.39,2.169
225,SOL,HW2,899,1.906,1.42,2.068
225,SOL,MW,900,1.851,1.361,2.105
226,SOL,OW,901,1.698,0.044,0.159
226,SOL,HW1,902,1.735,0.124,0.12
226,SOL,HW2,903,1.614,0.072,0.195
226,SOL,MW,904,1.693,0.056,0.158
227,SOL,OW,905,0.127,1.748,2.186
227,SOL,HW1,906,0.164,1.828,2.148
227,SOL,HW2,907,0.089,1.701,2.112
227,SOL,MW,908,0.127,1.752,2.174
228,SOL,OW,909,1.639,1.611,1.973
228,SOL,HW1,910,1.669,1.694,2.01
228,SOL,HW2,911,1.545,1.624,1.96
228,SOL,MW,912,1.632,1.621,1.975
229,SOL,OW,913,0.994,0.579,2.053
229,SOL,HW1,914,0.991,0.557,1.959
229,SOL,HW2,915,1.06,0.647,2.06
229,SOL,MW,916,1.0,0.584,2.043
230,SOL,OW,917,1.155,1.272,2.056
230,SOL,HW1,918,1.097,1.295,2.128
230,SOL,HW2,919,1.157,1.35,2.0
230,SOL,MW,920,1.149,1.282,2.058
231,SOL,OW,921,0.644,1.156,1.926
231,SOL,HW1,922,0.585,1.085,1.951
231,SOL,HW2,923,0.624,1.227,1.988
231,SOL,MW,924,0.635,1.156,1.936
232,SOL,OW,925,1.377,1.666,1.927
232,SOL,HW1,926,1.293,1.623,1.942
232,SOL,HW2,927,1.367,1.753,1.967
232,SOL,MW,928,1.367,1.671,1.932
233,SOL,OW,929,1.567,1.347,1.903
233,SOL,HW1,930,1.51,1.39,1.838
233,SOL,HW2,931,1.607,1.419,1.951
233,SOL,MW,932,1.565,1.359,1.901
234,SOL,OW,933,0.68,0.333,1.949
234,SOL,HW1,934,0.614,0.312,2.015
234,SOL,HW2,935,0.739,0.258,1.951
234,SOL,MW,936,0.68,0.323,1.957
235,SOL,OW,937,0.235,0.807,0.104
235,SOL,HW1,938,0.229,0.868,0.177
235,SOL,HW2,939,0.169,0.74,0.124
235,SOL,MW,940,0.228,0.806,0.114
236,SOL,OW,941,0.711,1.563,1.995
236,SOL,HW1,942,0.666,1.648,1.998
236,SOL,HW2,943,0.644,1.5,2.021
236,SOL,MW,944,0.699,1.565,1.998
237,SOL,OW,945,1.031,0.136,2.147
237,SOL,HW1,946,0.97,0.139,2.073
237,SOL,HW2,947,1.058,0.227,2.16
237,SOL,MW,948,1.027,0.146,2.14
238,SOL,OW,949,0.31,1.629,0.056
238,SOL,HW1,950,0.244,1.665,2.297
238,SOL,HW2,951,0.318,1.537,0.03
238,SOL,MW,952,0.304,1.623,0.047
239,SOL,OW,953,1.258,0.365,1.995
239,SOL,HW1,954,1.252,0.426,1.922
239,SOL,HW2,955,1.332,0.396,2.047
239,SOL,MW,956,1.265,0.375,1.993
240,SOL,OW,957,0.832,0.098,1.929
240,SOL,HW1,958,0.898,0.093,1.861
240,SOL,HW2,959,0.753,0.062,1.889
240,SOL,MW,960,0.83,0.093,1.918
241,SOL,OW,961,1.484,0.986,2.221
241,SOL,HW1,962,1.449,1.041,2.151
241,SOL,HW2,963,1.522,1.047,2.284
241,SOL,MW,964,1.484,0.998,2.22
242,SOL,OW,965,0.459,0.96,1.979
242,SOL,HW1,966,0.399,0.959,2.054
242,SOL,HW2,967,0.404,0.988,1.905
242,SOL,MW,968,0.447,0.963,1.979
243,SOL,OW,969,1.083,1.004,2.014
243,SOL,HW1,970,1.009,1.005,1.954
243,SOL,HW2,971,1.107,1.096,2.025
243,SOL,MW,972,1.078,1.014,2.009
244,SOL,OW,973,0.848,0.116,0.388
244,SOL,HW1,974,0.763,0.15,0.418
244,SOL,HW2,975,0.84,0.113,0.293
244,SOL,MW,976,0.838,0.119,0.381
245,SOL,OW,977,0.54,0.711,1.894
245,SOL,HW1,978,0.516,0.795,1.934
245,SOL,HW2,979,0.589,0.665,1.962
245,SOL,MW,980,0.543,0.715,1.906
246,SOL,OW,981,1.482,0.485,2.124
246,SOL,HW1,982,1.456,0.563,2.074
246,SOL,HW2,983,1.476,0.513,2.216
246,SOL,MW,984,1.478,0.496,2.129
247,SOL,OW,985,1.187,0.767,2.101
247,SOL,HW1,986,1.262,0.75,2.045
247,SOL,HW2,987,1.154,0.853,2.072
247,SOL,MW,988,1.191,0.775,2.092
248,SOL,OW,989,1.145,1.519,1.931
248,SOL,HW1,990,1.116,1.525,1.84
248,SOL,HW2,991,1.077,1.563,1.981
248,SOL,MW,992,1.134,1.524,1.926
249,SOL,OW,993,2.278,0.676,2.216
249,SOL,HW1,994,2.211,0.738,2.243
249,SOL,HW2,995,0.011,0.637,2.297
249,SOL,MW,996,2.274,0.678,2.227
250,SOL,OW,997,1.215,2.239,2.096
250,SOL,HW1,998,1.269,2.228,2.174
250,SOL,HW2,999,1.152,0.007,2.12
250,SOL,MW,1000,1.214,2.245,2.107
251,SOL,OW,1001,0.717,0.582,2.054
251,SOL,HW1,1002,0.812,0.592,2.064
251,SOL,HW2,1003,0.706,0.492,2.022
251,SOL,MW,1004,0.726,0.573,2.052
252,SOL,OW,1005,0.278,0.964,2.187
252,SOL,HW1,1006,0.197,1.015,2.186
252,SOL,HW2,1007,0.262,0.894,2.251
252,SOL,MW,1008,0.268,0.962,2.194
253,SOL,OW,1009,0.516,1.37,2.056
253,SOL,HW1,1010,0.467,1.369,2.138
253,SOL,HW2,1011,0.45,1.358,1.988
253,SOL,MW,1012,0.504,1.369,2.057
254,SOL,OW,1013,1.054,0.392,2.248
254,SOL,HW1,1014,1.052,0.455,2.176
254,SOL,HW2,1015,0.962,0.378,2.27
254,SOL,MW,1016,1.044,0.397,2.243
255,SOL,OW,1017,0.233,2.3,2.288
255,SOL,HW1,1018,0.246,0.046,2.205
255,SOL,HW2,1019,0.14,2.279,2.29
255,SOL,MW,1020,0.225,0.002,2.279
256,SOL,OW,1021,1.756,1.462,0.028
256,SOL,HW1,1022,1.667,1.452,0.062
256,SOL,HW2,1023,1.813,1.452,0.105
256,SOL,MW,1024,1.753,1.46,0.04
257,SOL,OW,1025,1.691,1.885,2.005
257,SOL,HW1,1026,1.784,1.874,2.026
257,SOL,HW2,1027,1.659,1.948,2.07
257,SOL,MW,1028,1.697,1.891,2.014
258,SOL,OW,1029,0.061,1.126,2.226
258,SOL,HW1,1030,0.075,1.213,2.189
258,SOL,HW2,1031,2.277,1.098,2.189
258,SOL,MW,1032,0.053,1.132,2.218
259,SOL,OW,1033,0.614,1.818,2.031
259,SOL,HW1,1034,0.534,1.845,1.986
259,SOL,HW2,1035,0.587,1.808,2.122
259,SOL,MW,1036,0.602,1.82,2.036
260,SOL,OW,1037,1.405,0.688,1.955
260,SOL,HW1,1038,1.369,0.638,1.881
260,SOL,HW2,1039,1.47,0.746,1.915
260,SOL,MW,1040,1.408,0.689,1.943
261,SOL,OW,1041,0.866,1.005,1.845
261,SOL,HW1,1042,0.832,0.915,1.835
261,SOL,HW2,1043,0.791,1.054,1.878
261,SOL,MW,1044,0.854,1.0,1.847
262,SOL,OW,1045,1.61,0.23,2.113
262,SOL,HW1,1046,1.667,0.243,2.189
262,SOL,HW2,1047,1.557,0.31,2.109
262,SOL,MW,1048,1.61,0.24,2.121
263,SOL,OW,1049,0.297,0.162,2.066
263,SOL,HW1,1050,0.23,0.221,2.03
263,SOL,HW2,1051,0.349,0.135,1.99
263,SOL,MW,1052,0.296,0.166,2.054
264,SOL,OW,1053,0.104,0.31,1.923
264,SOL,HW1,1054,0.012,0.337,1.921
264,SOL,HW2,1055,0.141,0.346,1.843
264,SOL,MW,1056,0.098,0.317,1.914
265,SOL,OW,1057,0.107,1.379,2.137
265,SOL,HW1,1058,0.037,1.43,2.178
265,SOL,HW2,1059,0.091,1.386,2.043
265,SOL,MW,1060,0.098,1.385,2.132
266,SOL,OW,1061,0.676,2.13,0.579
266,SOL,HW1,1062,0.701,2.21,0.625
266,SOL,HW2,1063,0.598,2.154,0.529
266,SOL,MW,1064,0.67,2.141,0.579
267,SOL,OW,1065,1.739,2.206,0.707
267,SOL,HW1,1066,1.647,2.19,0.688
267,SOL,HW2,1067,1.784,2.128,0.676
267,SOL,MW,1068,1.734,2.196,0.701
268,SOL,OW,1069,0.452,2.179,0.437
268,SOL,HW1,1070,0.439,2.103,0.38
268,SOL,HW2,1071,0.37,2.227,0.432
268,SOL,MW,1072,0.442,2.176,0.43
269,SOL,OW,1073,0.698,2.161,1.675
269,SOL,HW1,1074,0.705,2.104,1.598
269,SOL,HW2,1075,0.729,2.107,1.747
269,SOL,MW,1076,0.702,2.149,1.674
270,SOL,OW,1077,1.86,1.965,0.631
270,SOL,HW1,1078,1.93,1.932,0.685
270,SOL,HW2,1079,1.792,1.897,0.634
270,SOL,MW,1080,1.86,1.954,0.637
271,SOL,OW,1081,1.04,1.848,1.129
271,SOL,HW1,1082,0.985,1.916,1.091
271,SOL,HW2,1083,1.129,1.884,1.125
271,SOL,MW,1084,1.044,1.859,1.125
272,SOL,OW,1085,0.975,2.022,1.356
272,SOL,HW1,1086,1.007,1.948,1.305
272,SOL,HW2,1087,0.979,2.096,1.296
272,SOL,MW,1088,0.979,2.022,1.345
273,SOL,OW,1089,1.1,2.218,1.523
273,SOL,HW1,1090,1.062,2.288,1.471
273,SOL,HW2,1091,1.066,2.137,1.484
273,SOL,MW,1092,1.092,2.217,1.513
274,SOL,OW,1093,0.245,2.003,0.671
274,SOL,HW1,1094,0.226,1.96,0.588
274,SOL,HW2,1095,0.205,1.946,0.737
274,SOL,MW,1096,0.238,1.992,0.669
275,SOL,OW,1097,0.148,0.232,1.342
275,SOL,HW1,1098,0.231,0.184,1.337
275,SOL,HW2,1099,0.138,0.27,1.254
275,SOL,MW,1100,0.156,0.231,1.332
276,SOL,OW,1101,0.834,2.15,0.089
276,SOL,HW1,1102,0.81,2.156,2.297
276,SOL,HW2,1103,0.904,2.085,0.092
276,SOL,MW,1104,0.839,2.144,0.08
277,SOL,OW,1105,0.715,2.0,1.451
277,SOL,HW1,1106,0.696,1.909,1.478
277,SOL,HW2,1107,0.806,1.998,1.423
277,SOL,MW,1108,0.722,1.99,1.451
278,SOL,OW,1109,1.366,2.022,1.784
278,SOL,HW1,1110,1.443,1.971,1.761
278,SOL,HW2,1111,1.357,2.011,1.879
278,SOL,MW,1112,1.373,2.016,1.792
279,SOL,OW,1113,1.198,2.008,0.305
279,SOL,HW1,1114,1.137,1.994,0.232
279,SOL,HW2,1115,1.211,2.103,0.308
279,SOL,MW,1116,1.193,2.017,0.298
280,SOL,OW,1117,0.434,2.148,1.747
280,SOL,HW1,1118,0.523,2.153,1.714
280,SOL,HW2,1119,0.379,2.179,1.675
280,SOL,MW,1120,0.437,2.152,1.736
281,SOL,OW,1121,1.39,2.167,0.736
281,SOL,HW1,1122,1.409,2.089,0.788
281,SOL,HW2,1123,1.295,2.164,0.722
281,SOL,MW,1124,1.382,2.158,0.74
282,SOL,OW,1125,1.032,1.962,0.093
282,SOL,HW1,1126,1.063,1.964,0.003
282,SOL,HW2,1127,0.994,1.875,0.104
282,SOL,MW,1128,1.031,1.953,0.085
283,SOL,OW,1129,0.401,1.912,1.886
283,SOL,HW1,1130,0.341,1.859,1.834
283,SOL,HW2,1131,0.412,1.992,1.836
283,SOL,MW,1132,0.396,1.914,1.875
284,SOL,OW,1133,1.629,2.139,1.448
284,SOL,HW1,1134,1.558,2.163,1.508
284,SOL,HW2,1135,1.588,2.078,1.386
284,SOL,MW,1136,1.617,2.135,1.448
285,SOL,OW,1137,1.896,2.033,1.138
285,SOL,HW1,1138,1.893,2.111,1.082
285,SOL,HW2,1139,1.974,1.986,1.109
285,SOL,MW,1140,1.904,2.036,1.129
286,SOL,OW,1141,0.897,1.976,0.724
286,SOL,HW1,1142,0.819,2.02,0.692
286,SOL,HW2,1143,0.94,1.943,0.645
286,SOL,MW,1144,0.894,1.977,0.712
287,SOL,OW,1145,1.186,1.83,1.689
287,SOL,HW1,1146,1.24,1.809,1.613
287,SOL,HW2,1147,1.23,1.903,1.732
287,SOL,MW,1148,1.196,1.836,1.685
288,SOL,OW,1149,0.512,1.973,0.728
288,SOL,HW1,1150,0.567,2.03,0.675
288,SOL,HW2,1151,0.423,1.99,0.698
288,SOL,MW,1152,0.508,1.98,0.719
289,SOL,OW,1153,1.465,2.181,0.474
289,SOL,HW1,1154,1.436,2.17,0.564
289,SOL,HW2,1155,1.387,2.211,0.427
289,SOL,MW,1156,1.453,2.183,0.478
290,SOL,OW,1157,1.124,2.147,0.698
290,SOL,HW1,1158,1.082,2.227,0.666
290,SOL,HW2,1159,1.051,2.089,0.72
290,SOL,MW,1160,1.112,2.149,0.697
291,SOL,OW,1161,0.344,2.259,1.074
291,SOL,HW1,1162,0.362,2.17,1.042
291,SOL,HW2,1163,0.255,2.277,1.046
291,SOL,MW,1164,0.337,2.251,1.068
292,SOL,OW,1165,1.374,2.197,1.562
292,SOL,HW1,1166,1.28,2.206,1.543
292,SOL,HW2,1167,1.376,2.15,1.646
292,SOL,MW,1168,1.364,2.193,1.569
293,SOL,OW,1169,0.435,2.005,0.991
293,SOL,HW1,1170,0.405,1.914,0.993
293,SOL,HW2,1171,0.471,2.017,0.903
293,SOL,MW,1172,0.436,1.996,0.982
294,SOL,OW,1173,1.922,0.103,1.759
294,SOL,HW1,1174,1.851,0.098,1.822
294,SOL,HW2,1175,1.88,0.095,1.674
294,SOL,MW,1176,1.91,0.102,1.756
295,SOL,OW,1177,1.422,1.944,0.162
295,SOL,HW1,1178,1.497,1.985,0.203
295,SOL,HW2,1179,1.351,1.956,0.225
295,SOL,MW,1180,1.422,1.949,0.173
296,SOL,OW,1181,0.888,2.036,1.007
296,SOL,HW1,1182,0.802,2.017,1.045
296,SOL,HW2,1183,0.877,2.023,0.913
296,SOL,MW,1184,0.878,2.033,1.001
297,SOL,OW,1185,1.284,1.957,1.119
297,SOL,HW1,1186,1.333,1.959,1.037
297,SOL,HW2,1187,1.351,1.967,1.187
297,SOL,MW,1188,1.297,1.959,1.117
298,SOL,OW,1189,1.49,1.951,1.303
298,SOL,HW1,1190,1.526,1.878,1.252
298,SOL,HW2,1191,1.449,1.909,1.379
298,SOL,MW,1192,1.49,1.938,1.306
299,SOL,OW,1193,0.184,1.87,0.432
299,SOL,HW1,1194,0.251,1.917,0.382
299,SOL,HW2,1195,0.186,1.781,0.398
299,SOL,MW,1196,0.191,1.866,0.423
300,SOL,OW,1197,0.047,0.118,1.575
300,SOL,HW1,1198,0.074,0.154,1.491
300,SOL,HW2,1199,2.274,0.172,1.603
300,SOL,MW,1200,0.042,0.127,1.569
301,SOL,OW,1201,0.999,1.907,0.479
301,SOL,HW1,1202,1.082,1.935,0.441
301,SOL,HW2,1203,0.932,1.955,0.43
301,SOL,MW,1204,1.0,1.915,0.47
302,SOL,OW,1205,0.26,1.817,1.316
302,SOL,HW1,1206,0.236,1.899,1.36
302,SOL,HW2,1207,0.354,1.826,1.298
302,SOL,MW,1208,0.267,1.827,1.318
303,SOL,OW,1209,0.66,1.979,1.149
303,SOL,HW1,1210,0.58,2.005,1.103
303,SOL,HW2,1211,0.656,2.027,1.232
303,SOL,MW,1212,0.651,1.987,1.153
304,SOL,OW,1213,1.434,1.952,0.888
304,SOL,HW1,1214,1.526,1.946,0.916
304,SOL,HW2,1215,1.422,1.878,0.83
304,SOL,MW,1216,1.443,1.944,0.885
305,SOL,OW,1217,1.853,1.967,1.403
305,SOL,HW1,1218,1.787,2.028,1.437
305,SOL,HW2,1219,1.87,1.997,1.314
305,SOL,MW,1220,1.848,1.976,1.397
306,SOL,OW,1221,1.631,2.088,0.278
306,SOL,HW1,1222,1.581,2.118,0.355
306,SOL,HW2,1223,1.665,2.169,0.239
306,SOL,MW,1224,1.629,2.1,0.282
307,SOL,OW,1225,1.682,1.933,0.997
307,SOL,HW1,1226,1.65,1.865,1.057
307,SOL,HW2,1227,1.757,1.971,1.042
307,SOL,MW,1228,1.687,1.93,1.008
308,SOL,OW,1229,0.067,1.811,1.116
308,SOL,HW1,1230,0.103,1.824,1.029
308,SOL,HW2,1231,0.14,1.831,1.175
308,SOL,MW,1232,0.079,1.814,1.113
309,SOL,OW,1233,0.399,1.961,0.283
309,SOL,HW1,1234,0.38,1.984,0.192
309,SOL,HW2,1235,0.471,1.898,0.277
309,SOL,MW,1236,0.405,1.957,0.272
310,SOL,OW,1237,1.561,0.303,1.034
310,SOL,HW1,1238,1.467,0.318,1.026
310,SOL,HW2,1239,1.569,0.211,1.059
310,SOL,MW,1240,1.552,0.295,1.036
311,SOL,OW,1241,2.283,2.189,0.076
311,SOL,HW1,1242,2.274,2.211,0.169
311,SOL,HW2,1243,0.011,2.098,0.075
311,SOL,MW,1244,2.285,2.182,0.086
312,SOL,OW,1245,0.302,2.038,0.036
312,SOL,HW1,1246,0.289,2.01,2.245
312,SOL,HW2,1247,0.294,2.134,0.032
312,SOL,MW,1248,0.3,2.046,0.026
313,SOL,OW,1249,1.757,0.035,1.98
313,SOL,HW1,1250,1.693,0.102,2.004
313,SOL,HW2,1251,1.79,0.002,2.064
313,SOL,MW,1252,1.754,0.038,1.991
314,SOL,OW,1253,0.77,2.009,1.901
314,SOL,HW1,1254,0.712,1.944,1.942
314,SOL,HW2,1255,0.855,1.964,1.894
314,SOL,MW,1256,0.773,1.997,1.905
315,SOL,OW,1257,1.118,1.985,2.133
315,SOL,HW1,1258,1.076,1.954,2.053
315,SOL,HW2,1259,1.137,2.077,2.115
315,SOL,MW,1260,1.115,1.991,2.122
316,SOL,OW,1261,1.007,1.868,1.908
316,SOL,HW1,1262,1.058,1.848,1.829
316,SOL,HW2,1263,0.989,1.783,1.947
316,SOL,MW,1264,1.011,1.857,1.904
317,SOL,OW,1265,0.799,2.029,0.347
317,SOL,HW1,1266,0.754,2.079,0.415
317,SOL,HW2,1267,0.79,2.082,0.267
317,SOL,MW,1268,0.793,2.04,0.346
318,SOL,OW,1269,1.358,2.171,0.026
318,SOL,HW1,1270,1.374,2.084,0.064
318,SOL,HW2,1271,1.326,2.223,0.099
318,SOL,MW,1272,1.356,2.167,0.038
319,SOL,OW,1273,1.367,1.922,2.042
319,SOL,HW1,1274,1.435,1.967,2.093
319,SOL,HW2,1275,1.286,1.942,2.088
319,SOL,MW,1276,1.366,1.929,2.053
320,SOL,OW,1277,0.807,2.182,2.114
320,SOL,HW1,1278,0.822,2.263,2.064
320,SOL,HW2,1279,0.79,2.116,2.048
320,SOL,MW,1280,0.807,2.184,2.102
321,SOL,OW,1281,0.056,1.922,0.091
321,SOL,HW1,1282,0.145,1.956,0.096
321,SOL,HW2,1283,0.06,1.854,0.023
321,SOL,MW,1284,0.066,1.918,0.084
322,SOL,OW,1285,1.58,2.081,2.174
322,SOL,HW1,1286,1.512,2.127,2.223
322,SOL,HW2,1287,1.658,2.137,2.184
322,SOL,MW,1288,1.581,2.092,2.18
323,SOL,OW,1289,0.223,1.977,2.078
323,SOL,HW1,1290,0.152,2.016,2.026
323,SOL,HW2,1291,0.292,1.957,2.014
323,SOL,MW,1292,0.223,1.979,2.065
324,SOL,OW,1293,0.029,2.074,1.902
324,SOL,HW1,1294,0.04,2.167,1.882
324,SOL,HW2,1295,0.027,2.031,1.817
324,SOL,MW,1296,0.03,2.079,1.891
325,SOL,OW,1297,2.209,0.84,1.363
325,SOL,HW1,1298,2.285,0.834,1.305
325,SOL,HW2,1299,2.15,0.901,1.319
325,SOL,MW,1300,2.211,0.846,1.352
326,SOL,OW,1301,0.053,0.636,0.757
326,SOL,HW1,1302,0.095,0.555,0.727
326,SOL,HW2,1303,0.114,0.673,0.821
326,SOL,MW,1304,0.064,0.631,0.76
327,SOL,OW,1305,2.173,0.866,0.977
327,SOL,HW1,1306,2.169,0.906,0.89
327,SOL,HW2,1307,2.135,0.932,1.035
327,SOL,MW,1308,2.168,0.877,0.974
328,SOL,OW,1309,2.08,1.857,0.776
328,SOL,HW1,1310,2.149,1.825,0.719
328,SOL,HW2,1311,2.032,1.779,0.804
328,SOL,MW,1312,2.082,1.846,0.773
329,SOL,OW,1313,2.263,1.204,0.85
329,SOL,HW1,1314,2.256,1.29,0.892
329,SOL,HW2,1315,0.045,1.209,0.801
329,SOL,MW,1316,2.271,1.214,0.85
330,SOL,OW,1317,2.113,0.536,0.295
330,SOL,HW1,1318,2.128,0.445,0.269
330,SOL,HW2,1319,2.163,0.546,0.376
330,SOL,MW,1320,2.12,0.527,0.301
331,SOL,OW,1321,2.051,1.222,0.427
331,SOL,HW1,1322,2.011,1.287,0.368
331,SOL,HW2,1323,2.057,1.143,0.374
331,SOL,MW,1324,2.047,1.221,0.415
332,SOL,OW,1325,2.078,1.612,1.117
332,SOL,HW1,1326,2.05,1.597,1.208
332,SOL,HW2,1327,2.088,1.707,1.111
332,SOL,MW,1328,2.076,1.62,1.126
333,SOL,OW,1329,2.288,1.768,0.613
333,SOL,HW1,1330,0.042,1.82,0.553
333,SOL,HW2,1331,2.263,1.691,0.563
333,SOL,MW,1332,2.291,1.766,0.601
334,SOL,OW,1333,2.096,1.611,0.202
334,SOL,HW1,1334,2.088,1.706,0.193
334,SOL,HW2,1335,2.138,1.582,0.121
334,SOL,MW,1336,2.1,1.618,0.193
335,SOL,OW,1337,2.059,0.252,0.668
335,SOL,HW1,1338,2.095,0.222,0.585
335,SOL,HW2,1339,1.968,0.223,0.667
335,SOL,MW,1340,2.053,0.246,0.659
336,SOL,OW,1341,1.981,0.302,1.074
336,SOL,HW1,1342,1.988,0.385,1.121
336,SOL,HW2,1343,1.916,0.319,1.006
336,SOL,MW,1344,1.975,0.313,1.072
337,SOL,OW,1345,2.018,0.552,1.198
337,SOL,HW1,1346,2.065,0.547,1.281
337,SOL,HW2,1347,1.955,0.623,1.21
337,SOL,MW,1348,2.016,0.559,1.209
338,SOL,OW,1349,2.076,1.851,1.532
338,SOL,HW1,1350,2.011,1.901,1.483
338,SOL,HW2,1351,2.069,1.762,1.497
338,SOL,MW,1352,2.068,1.846,1.523
339,SOL,OW,1353,2.091,1.025,1.188
339,SOL,HW1,1354,2.122,1.115,1.199
339,SOL,HW2,1355,1.997,1.034,1.171
339,SOL,MW,1356,2.085,1.036,1.188
340,SOL,OW,1357,1.996,0.864,0.482
340,SOL,HW1,1358,2.058,0.849,0.554
340,SOL,HW2,1359,1.968,0.776,0.456
340,SOL,MW,1360,2.0,0.853,0.487
341,SOL,OW,1361,2.184,0.495,1.841
341,SOL,HW1,1362,2.13,0.56,1.796
341,SOL,HW2,1363,2.254,0.546,1.883
341,SOL,MW,1364,2.186,0.507,1.841
342,SOL,OW,1365,2.018,1.5,0.641
342,SOL,HW1,1366,2.002,1.544,0.724
342,SOL,HW2,1367,2.022,1.407,0.664
342,SOL,MW,1368,2.016,1.495,0.652
343,SOL,OW,1369,2.206,1.559,0.453
343,SOL,HW1,1370,2.162,1.585,0.372
343,SOL,HW2,1371,2.135,1.534,0.512
343,SOL,MW,1372,2.193,1.559,0.451
344,SOL,OW,1373,2.019,1.234,0.7
344,SOL,HW1,1374,2.099,1.207,0.745
344,SOL,HW2,1375,2.036,1.215,0.608
344,SOL,MW,1376,2.029,1.229,0.695
345,SOL,OW,1377,2.151,1.503,1.811
345,SOL,HW1,1378,2.224,1.442,1.821
345,SOL,HW2,1379,2.097,1.464,1.742
345,SOL,MW,1380,2.153,1.492,1.805
346,SOL,OW,1381,0.039,0.046,1.845
346,SOL,HW1,1382,0.036,0.06,1.751
346,SOL,HW2,1383,0.077,0.127,1.88
346,SOL,MW,1384,0.042,0.057,1.839
347,SOL,OW,1385,0.104,1.117,1.08
347,SOL,HW1,1386,0.048,1.166,1.14
347,SOL,HW2,1387,0.062,1.127,0.995
347,SOL,MW,1388,0.093,1.123,1.077
348,SOL,OW,1389,1.988,1.386,1.612
348,SOL,HW1,1390,2.022,1.299,1.59
348,SOL,HW2,1391,1.901,1.37,1.647
348,SOL,MW,1392,1.983,1.375,1.613
349,SOL,OW,1393,0.058,0.608,0.181
349,SOL,HW1,1394,2.271,0.604,0.22
349,SOL,HW2,1395,0.118,0.595,0.255
349,SOL,MW,1396,0.055,0.606,0.193
350,SOL,OW,1397,2.078,1.122,1.553
350,SOL,HW1,1398,2.125,1.049,1.594
350,SOL,HW2,1399,2.003,1.081,1.511
350,SOL,MW,1400,2.075,1.109,1.553
351,SOL,OW,1401,2.19,0.859,0.692
351,SOL,HW1,1402,2.26,0.9,0.641
351,SOL,HW2,1403,2.229,0.779,0.727
351,SOL,MW,1404,2.202,0.855,0.69
352,SOL,OW,1405,1.957,1.632,0.872
352,SOL,HW1,1406,1.995,1.616,0.959
352,SOL,HW2,1407,1.862,1.63,0.887
352,SOL,MW,1408,1.951,1.63,0.883
353,SOL,OW,1409,1.867,0.638,0.361
353,SOL,HW1,1410,1.836,0.593,0.44
353,SOL,HW2,1411,1.951,0.595,0.341
353,SOL,MW,1412,1.873,0.628,0.367
354,SOL,OW,1413,2.213,1.274,1.202
354,SOL,HW1,1414,2.228,1.333,1.276
354,SOL,HW2,1415,2.215,1.33,1.125
354,SOL,MW,1416,2.215,1.286,1.202
355,SOL,OW,1417,2.063,1.001,0.254
355,SOL,HW1,1418,1.978,1.009,0.211
355,SOL,HW2,1419,2.046,0.948,0.332
355,SOL,MW,1420,2.053,0.996,0.258
356,SOL,OW,1421,2.019,1.592,1.424
356,SOL,HW1,1422,2.001,1.524,1.489
356,SOL,HW2,1423,1.933,1.625,1.4
356,SOL,MW,1424,2.008,1.588,1.429
357,SOL,OW,1425,1.92,1.858,1.755
357,SOL,HW1,1426,1.982,1.856,1.681
357,SOL,HW2,1427,1.903,1.951,1.77
357,SOL,MW,1428,1.925,1.868,1.749
358,SOL,OW,1429,2.098,0.161,0.396
358,SOL,HW1,1430,2.124,0.202,0.313
358,SOL,HW2,1431,2.006,0.138,0.383
358,SOL,MW,1432,2.091,0.163,0.385
359,SOL,OW,1433,1.858,0.51,1.57
359,SOL,HW1,1434,1.928,0.504,1.505
359,SOL,HW2,1435,1.777,0.508,1.517
359,SOL,MW,1436,1.857,0.509,1.557
360,SOL,OW,1437,2.122,0.59,1.45
360,SOL,HW1,1438,2.151,0.676,1.419
360,SOL,HW2,1439,2.203,0.541,1.463
360,SOL,MW,1440,2.134,0.594,1.448
361,SOL,OW,1441,2.06,0.699,1.705
361,SOL,HW1,1442,1.968,0.702,1.732
361,SOL,HW2,1443,2.059,0.653,1.621
361,SOL,MW,1444,2.05,0.695,1.699
362,SOL,OW,1445,2.001,0.522,0.678
362,SOL,HW1,1446,2.031,0.555,0.763
362,SOL,HW2,1447,2.029,0.431,0.677
362,SOL,MW,1448,2.008,0.516,0.687
363,SOL,OW,1449,1.832,0.991,0.117
363,SOL,HW1,1450,1.769,1.062,0.104
363,SOL,HW2,1451,1.779,0.917,0.148
363,SOL,MW,1452,1.819,0.991,0.119
364,SOL,OW,1453,2.227,0.902,1.632
364,SOL,HW1,1454,2.166,0.838,1.666
364,SOL,HW2,1455,2.233,0.882,1.538
364,SOL,MW,1456,2.221,0.893,1.625
365,SOL,OW,1457,2.059,0.622,0.936
365,SOL,HW1,1458,2.062,0.587,1.025
365,SOL,HW2,1459,2.1,0.708,0.942
365,SOL,MW,1460,2.064,0.627,0.946
366,SOL,OW,1461,2.146,0.268,1.679
366,SOL,HW1,1462,2.061,0.228,1.701
366,SOL,HW2,1463,2.15,0.347,1.733
366,SOL,MW,1464,2.137,0.272,1.687
367,SOL,OW,1465,1.847,2.243,0.961
367,SOL,HW1,1466,1.81,2.222,0.876
367,SOL,HW2,1467,1.92,0.002,0.941
367,SOL,MW,1468,1.851,2.247,0.95
368,SOL,OW,1469,2.163,0.28,0.154
368,SOL,HW1,1470,2.115,0.237,0.083
368,SOL,HW2,1471,2.249,0.298,0.117
368,SOL,MW,1472,2.167,0.277,0.143
369,SOL,OW,1473,1.782,0.27,0.028
369,SOL,HW1,1474,1.784,0.36,0.061
369,SOL,HW2,1475,1.869,0.255,2.292
369,SOL,MW,1476,1.791,0.278,0.028
370,SOL,OW,1477,1.935,1.389,0.233
370,SOL,HW1,1478,1.985,1.47,0.23
370,SOL,HW2,1479,1.967,1.338,0.159
370,SOL,MW,1480,1.944,1.392,0.225
371,SOL,OW,1481,2.022,1.274,0.001
371,SOL,HW1,1482,1.958,1.304,2.237
371,SOL,HW2,1483,2.056,1.192,2.265
371,SOL,MW,1484,2.019,1.269,2.29
372,SOL,OW,1485,1.957,1.814,2.018
372,SOL,HW1,1486,2.014,1.888,2.04
372,SOL,HW2,1487,1.949,1.817,1.923
372,SOL,MW,1488,1.962,1.822,2.011
373,SOL,OW,1489,2.081,0.838,0.021
373,SOL,HW1,1490,2.081,0.882,0.106
373,SOL,HW2,1491,1.99,0.811,0.007
373,SOL,MW,1492,2.071,0.84,0.028
374,SOL,OW,1493,2.185,1.491,2.263
374,SOL,HW1,1494,2.138,1.528,2.189
374,SOL,HW2,1495,2.14,1.409,2.283
374,SOL,MW,1496,2.175,1.486,2.257
375,SOL,OW,1497,0.085,0.636,1.966
375,SOL,HW1,1498,0.047,0.654,2.052
375,SOL,HW2,1499,0.138,0.558,1.979
375,SOL,MW,1500,0.087,0.63,1.976
376,SOL,OW,1501,1.859,0.695,2.221
376,SOL,HW1,1502,1.825,0.643,2.294
376,SOL,HW2,1503,1.935,0.646,2.19
376,SOL,MW,1504,1.864,0.684,2.225
377,SOL,OW,1505,2.108,1.057,2.161
377,SOL,HW1,1506,2.038,1.061,2.097
377,SOL,HW2,1507,2.092,0.975,2.209
377,SOL,MW,1508,2.099,1.048,2.16
378,SOL,OW,1509,2.017,0.155,2.241
378,SOL,HW1,1510,2.056,0.155,2.154
378,SOL,HW2,1511,1.963,0.076,2.242
378,SOL,MW,1512,2.015,0.146,2.232
379,SOL,OW,1513,1.887,1.09,2.003
379,SOL,HW1,1514,1.863,1.179,2.03
379,SOL,HW2,1515,1.821,1.034,2.043
379,SOL,MW,1516,1.878,1.094,2.01
380,SOL,OW,1517,2.105,0.121,1.979
380,SOL,HW1,1518,2.04,0.124,1.909
380,SOL,HW2,1519,2.185,0.089,1.937
380,SOL,MW,1520,2.106,0.118,1.967
381,SOL,OW,1521,2.028,1.552,2.048
381,SOL,HW1,1522,2.001,1.644,2.044
381,SOL,HW2,1523,2.068,1.536,1.962
381,SOL,MW,1524,2.029,1.56,2.038
382,SOL,OW,1525,2.243,2.232,0.346
382,SOL,HW1,1526,2.187,2.161,0.377
382,SOL,HW2,1527,2.198,0.012,0.371
382,SOL,MW,1528,2.232,2.233,0.352
383,SOL,OW,1529,2.154,2.113,0.681
383,SOL,HW1,1530,2.125,2.093,0.592
383,SOL,HW2,1531,2.132,2.033,0.73
383,SOL,MW,1532,2.148,2.102,0.677
384,SOL,OW,1533,0.021,1.937,1.649
384,SOL,HW1,1534,2.238,1.906,1.615
384,SOL,HW2,1535,0.065,1.977,1.574
384,SOL,MW,1536,0.017,1.938,1.637
385,SOL,OW,1537,0.274,2.25,1.55
385,SOL,HW1,1538,0.319,2.295,1.478
385,SOL,HW2,1539,0.204,0.011,1.575
385,SOL,MW,1540,0.271,2.262,1.545
386,SOL,OW,1541,0.094,2.225,0.738
386,SOL,HW1,1542,0.154,2.155,0.711
386,SOL,HW2,1543,0.007,2.193,0.716
386,SOL,MW,1544,0.091,2.215,0.733
387,SOL,OW,1545,2.058,2.036,0.43
387,SOL,HW1,1546,2.066,1.977,0.355
387,SOL,HW2,1547,1.977,2.007,0.474
387,SOL,MW,1548,2.05,2.026,0.427
388,SOL,OW,1549,0.15,2.044,1.429
388,SOL,HW1,1550,0.091,2.088,1.368
388,SOL,HW2,1551,0.198,2.115,1.471
388,SOL,MW,1552,0.149,2.056,1.427
389,SOL,OW,1553,2.223,0.251,0.946
389,SOL,HW1,1554,2.142,0.265,0.996
389,SOL,HW2,1555,2.194,0.253,0.855
389,SOL,MW,1556,2.211,0.253,0.942
390,SOL,OW,1557,2.11,1.879,1.056
390,SOL,HW1,1558,2.111,1.882,0.96
390,SOL,HW2,1559,2.202,1.872,1.08
390,SOL,MW,1560,2.119,1.879,1.048
391,SOL,OW,1561,2.095,1.893,0.188
391,SOL,HW1,1562,2.061,1.953,0.122
391,SOL,HW2,1563,2.19,1.894,0.175
391,SOL,MW,1564,2.102,1.9,0.18
392,SOL,OW,1565,1.818,2.236,2.235
392,SOL,HW1,1566,1.774,2.264,0.015
392,SOL,HW2,1567,1.888,2.178,2.265
392,SOL,MW,1568,1.821,2.233,2.247
393,SOL,OW,1569,2.04,2.092,2.298
393,SOL,HW1,1570,2.118,2.14,0.028
393,SOL,HW2,1571,2.057,2.074,2.206
393,SOL,MW,1572,2.051,2.095,2.291
394,SOL,OW,1573,2.087,2.053,2.033
394,SOL,HW1,1574,2.028,2.089,1.967
394,SOL,HW2,1575,2.174,2.059,1.993
394,SOL,MW,1576,2.09,2.057,2.021
395,SOL,OW,1577,1.904,2.129,1.837
395,SOL,HW1,1578,1.828,2.165,1.883
395,SOL,HW2,1579,1.937,2.202,1.786
395,SOL,MW,1580,1.899,2.141,1.837
